<?xml version="1.0" encoding="UTF-8"?>
<beans xmlns="http://www.springframework.org/schema/beans"
	xmlns:xsi="http://www.w3.org/2001/XMLSchema-instance"
	xmlns:context="http://www.springframework.org/schema/context"
	xmlns:tx="http://www.springframework.org/schema/tx"
	xsi:schemaLocation="http://www.springframework.org/schema/beans http://www.springframework.org/schema/beans/spring-beans.xsd
		http://www.springframework.org/schema/context http://www.springframework.org/schema/context/spring-context.xsd
		http://www.springframework.org/schema/tx http://www.springframework.org/schema/tx/spring-tx.xsd">
	
	<!-- Root Context: defines shared resources visible to all other web components -->
	<context:annotation-config></context:annotation-config>

	<context:component-scan base-package="com.lx.odw.service, com.lx.odw.dao">
	</context:component-scan>
	
	<!-- MySQL dataSource -->
    <bean id="dataSource" class="org.apache.commons.dbcp2.BasicDataSource"> 
        <property name="driverClassName" value="com.mysql.jdbc.Driver"/>
        <property name="url" value="jdbc:mysql://192.168.40.20:3306/project"/>
        <property name="username" value="root"/> 
        <property name="password" value="admin"/>
    </bean>
	
	<bean id="sqlSessionFactory"
		class="org.mybatis.spring.SqlSessionFactoryBean">
		<property name="dataSource" ref="dataSource" />
		<property name="mapperLocations" value="classpath:mapper/mapper-*.xml" />

		<property name="configuration">
			<bean class="org.apache.ibatis.session.Configuration">
				<property name="mapUnderscoreToCamelCase" value="true" />
			</bean>
		</property>
	</bean>
	<bean id="sqlSession" class="org.mybatis.spring.SqlSessionTemplate">
		<constructor-arg index="0" ref="sqlSessionFactory" />
	</bean>

	<!--
	<tx:annotation-driven transaction-manager="transactionManager"/>
	  -->
</beans>
